message_id,from_uid,to_uid,reply_msg_id,timestamp,category,subject,body,status
E001,1003,all,null,"2023-06-15 09:15:23",Announcement,"Upcoming Company Retreat - Save the Date!","Dear Team,  I'm excited to announce our annual company retreat, scheduled for August 12-15, 2023, at Mountain Lake Resort. This year's theme is ""Innovation Beyond Boundaries.""  Please save these dates in your calendar. A detailed agenda and registration form will follow next week.  Best regards, Michael Williams Head of Operations",sent
E002,1004,all,E001,"2023-06-15 10:23:45",Announcement,"Re: Upcoming Company Retreat - Save the Date!","Hello everyone,  Just adding to Michael's announcement - this retreat is mandatory for all department heads and optional (but highly encouraged) for all other staff.  Please start thinking about any dietary restrictions or accommodation needs you might have so we can prepare accordingly.  Warm regards, Sophia Brown HR Manager",sent
E003,1005,1003,E001,"2023-06-15 11:42:18",Question,"Re: Upcoming Company Retreat - Save the Date!","Hi Michael,  Will we have dedicated time for team-specific meetings during the retreat? The design team has some important milestones coming up around that time.  Thanks, James",sent
E004,1003,1005,E003,"2023-06-15 13:05:32",Response,"Re: Upcoming Company Retreat - Save the Date!","Hi James,  Yes, we're allocating half a day for department-specific meetings. I'll make sure your team gets the time needed.  Would the morning of the 13th work for you?  Michael",sent
E005,1004,"1002,1010,1013",null,"2023-06-16 09:10:05",Planning,"Retreat Planning Committee","Hello team,  I'd like to invite you to join the planning committee for our upcoming company retreat. We'll need to finalize:  Daily agenda Team-building activities Evening social events Accommodation assignments Can we meet this Friday at 2 PM to kick things off?  Sophia",sent
E006,1002,"1004,1010,1013",E005,"2023-06-16 09:45:22",Planning,"Re: Retreat Planning Committee","Count me in, Sophia!  I've helped plan our department's mini-retreats before and have some ideas for team-building activities that worked really well.  Friday at 2 works for me.  Best, Emma",sent
E007,1013,"1004,1002,1010",E005,"2023-06-16 10:12:33",Planning,"Re: Retreat Planning Committee","Hi all,  I'm available for the meeting. I suggest we consider outdoor activities since the resort has great hiking trails. However, we should ensure we have indoor alternatives in case of bad weather.  Also, I'd like to propose a tech-free evening to encourage more authentic connections.  Daniel Taylor Marketing Director",sent
E008,1010,"1004,1002,1013",E005,"2023-06-16 11:30:15",Planning,"Re: Retreat Planning Committee","Hello everyone,  Friday works for me too.  Daniel, while I appreciate the tech-free evening concept, I'm concerned it might cause anxiety for those who need to check in with family or have ongoing projects. Perhaps we could designate certain areas as tech-free zones instead?  Looking forward to our meeting, Isabella",sent
E009,1004,all,null,"2023-06-17 08:30:45",Logistics,"Retreat Dietary Requirements and Preferences","Hello everyone,  To ensure we accommodate all dietary needs during the retreat, please complete the attached form by June 24th.  If you have severe allergies or other special requirements, please email me directly.  Thank you, Sophia Brown HR Manager",sent
E010,1006,1004,E009,"2023-06-17 09:15:22",Logistics,"Re: Retreat Dietary Requirements and Preferences","Hi Sophia,  I have celiac disease and require strictly gluten-free meals. Could you please confirm with the venue that they can properly accommodate this with no cross-contamination?  Thank you, Olivia",sent
E011,1004,1006,E010,"2023-06-17 10:05:18",Logistics,"Re: Retreat Dietary Requirements and Preferences","Hi Olivia,  I've already spoken with the chef at the resort, and they're well-versed in handling celiac requirements. They have a separate preparation area for gluten-free meals.  I'll personally follow up again to confirm the protocols and will keep you updated.  Best, Sophia",sent
E012,1002,planning_committee,null,"2023-06-20 14:20:33",Planning,"Draft Retreat Agenda","Hello Planning Committee,  Attached is the first draft of our retreat agenda. Key highlights:  Day 1: Arrival and welcome dinner Day 2: Company vision (morning), Department meetings (afternoon) Day 3: Team-building activities and workshops Day 4: Innovation workshops, closing ceremony, departure Please provide feedback by Wednesday.  Thanks, Emma",sent
E013,1009,planning_committee,E012,"2023-06-20 15:45:12",Planning,"Re: Draft Retreat Agenda","Hi team,  The agenda looks too packed. People need downtime to recharge and network informally. I suggest we cut at least one workshop per day and add more free time.  Also, I'd like to propose a sales-focused session since we're launching new products next quarter.  Alexander Rodriguez Sales Director",sent
E014,1014,planning_committee,E012,"2023-06-20 16:12:55",Planning,"Re: Draft Retreat Agenda","I have to agree with Alexander about adding more downtime. Last year's retreat was exhausting.  However, rather than a specific sales session, I think we need cross-departmental problem-solving workshops where mixed teams tackle real business challenges. This would be more inclusive.  Charlotte Thomas Research Lead",sent
E015,1009,planning_committee,E014,"2023-06-20 16:30:08",Planning,"Re: Draft Retreat Agenda","Charlotte,  With all due respect, sales drives the company's revenue. We must prioritize session time accordingly. The cross-departmental workshops sound nice in theory but rarely produce actionable outcomes.  Alexander",sent
E016,1003,planning_committee,E015,"2023-06-20 17:05:42",Planning,"Re: Draft Retreat Agenda","Team,  Let's keep our discussion constructive. Both sales focus and cross-departmental collaboration are important. I suggest:  Add more free time as suggested Have a 1-hour sales strategy session Include Charlotte's cross-departmental workshops but with clear objectives End each day's formal activities by 4 PM to allow networking time Michael Williams Head of Operations",sent
E017,1004,all,null,"2023-06-25 10:15:33",Logistics,"Room Assignments for Retreat","Hello team,  The tentative room assignments for the retreat are now available on the company portal. We've tried to accommodate all requests while keeping departments somewhat grouped together.  Please review and let me know if there are any concerns by June 30th.  Best regards, Sophia",sent
E018,1007,1004,E017,"2023-06-25 11:20:45",Logistics,"Re: Room Assignments for Retreat","Sophia,  I notice I've been assigned to share a room with Ethan. While I have nothing against him personally, I'm a very light sleeper and know he tends to work late. Would it be possible to switch to a single room? I'm happy to cover any difference in cost.  Thanks, William",sent
E019,1011,1004,E017,"2023-06-25 11:45:22",Logistics,"Re: Room Assignments for Retreat","Hi Sophia,  Just saw the room assignments. Actually, I was hoping to room with Matt from engineering since we're collaborating on a project and could use the time to discuss some ideas. Is that a possibility?  Thanks, Ethan",sent
E020,1004,"1007,1011",E018,"2023-06-25 13:10:56",Logistics,"Re: Room Assignments for Retreat","William and Ethan,  Thanks for your emails. It seems like we have a perfect solution:  William - I can arrange a single room for you (no need to cover the difference). Ethan - I'll pair you with Matthew.  I'll update the assignments accordingly.  Best, Sophia",sent
E021,1003,all,null,"2023-08-05 09:30:22",Announcement,"One Week Until Our Retreat!","Team,  We're just one week away from our company retreat! A few final notes:  Transportation: Buses leave from the office at 9 AM sharp on August 12th Weather: Current forecast shows warm days (75-85°F) and cool evenings (55-65°F) Final agenda: Now available on the portal Packing list: Business casual for sessions, activewear for team building, one formal outfit for the gala dinner Looking forward to a productive and enjoyable time together!  Michael",sent
E022,1016,all,E021,"2023-08-05 10:15:45",Social,"Re: One Week Until Our Retreat!","Hi everyone!  Just wanted to add that a few of us are organizing an informal talent show for one of the evenings. No pressure to participate, but if you'd like to show off a hidden talent (singing, magic tricks, poetry, etc.), please let me know!  It's all in good fun - no judging or prizes, just a chance to laugh together.  Amelia",sent
E023,1001,1003,E021,"2023-08-05 11:05:33",Logistics,"Re: One Week Until Our Retreat!","Michael,  I have an unavoidable client meeting on the morning of the 12th. I'll need to drive separately and will likely arrive around 2 PM. I've already notified Sophia, but wanted to keep you in the loop as well.  Regards, John",sent
E024,1003,1001,E023,"2023-08-05 11:30:15",Logistics,"Re: One Week Until Our Retreat!","John,  Thanks for letting me know. No problem at all - the welcome activities don't start until 4 PM, so you'll have plenty of time to settle in.  Drive safely and we'll see you there.  Michael",sent
E025,1013,all,null,"2023-08-06 14:20:10",Planning,"Activity Preferences for Retreat","Hi everyone,  To finalize our team-building activities for the retreat, please complete the preference survey by EOD tomorrow.  Options include:  Guided hiking Cooking competition Escape room challenge Art workshop Lake kayaking Innovation hackathon We'll try to ensure everyone gets their top two choices.  Thanks, Daniel",sent
E026,1008,1013,E025,"2023-08-06 15:05:27",Planning,"Re: Activity Preferences for Retreat","Hello Daniel,  Are these activities accessible for everyone? I'm concerned about the hiking and kayaking options for colleagues with mobility issues.  Could we ensure there are inclusive alternatives available?  Merci, Ava",sent
E027,1013,1008,E026,"2023-08-06 16:12:39",Planning,"Re: Activity Preferences for Retreat","Ava,  Thank you for bringing this up - you're absolutely right.  We'll add accessibility details to each activity and ensure there are suitable options for everyone. The resort also offers a gentle nature photography walk as an alternative to hiking, and we can arrange for tandem kayaking with guides for those who prefer that option.  I appreciate your thoughtfulness on this matter.  Best, Daniel",sent
E028,1001,department_heads,null,"2023-08-07 08:45:12",Planning,"Department Presentations at Retreat","Department Heads,  As part of our retreat, each department will have 15 minutes to present key achievements and upcoming goals. Please prepare a concise presentation covering:  Major milestones from the past quarter Current challenges Strategic objectives for Q4 Resource needs Presentations will be on Day 2. Please send your slides to me by August 10th for review.  Best, John Smith CEO",sent
E029,1009,department_heads,E028,"2023-08-07 09:20:45",Planning,"Re: Department Presentations at Retreat","John,  The sales team requires at least 25 minutes. We have significant updates on new market expansions and Q4 projections that are crucial for the entire company to understand.  15 minutes is simply insufficient to cover our material adequately.  Alexander Rodriguez Sales Director",sent
E030,1012,department_heads,E028,"2023-08-07 09:35:10",Planning,"Re: Department Presentations at Retreat","Good morning,  If we're adjusting timeframes, the R&D department would appreciate additional time as well. We have several product innovations to showcase, including working prototypes.  However, I recognize we all have important updates, so perhaps we should simply be more selective with our content rather than extending individual presentation times.  Mit freundlichen Grüßen, Mia Anderson R&D Director",sent
E031,1001,department_heads,E030,"2023-08-07 10:15:33",Planning,"Re: Department Presentations at Retreat","Team,  I understand that 15 minutes feels restrictive. However, these presentations are meant to be high-level overviews. We have limited time together, and I want to ensure every department receives equal attention.  Alexander and Mia - if you have additional material that cannot be condensed, please prepare supplementary documents that can be distributed ahead of time.  The 15-minute limit remains in place.  John Smith CEO",sent
E032,1004,all,null,"2023-08-16 13:20:45",Feedback,"Retreat Feedback Survey","Dear team,  Now that we're all back from what I hope was a productive and enjoyable retreat, we'd love to hear your thoughts!  Please complete the attached feedback survey by August 20th. Your input will help us improve future company events.  Thank you for your active participation throughout the retreat.  Best regards, Sophia",sent
E033,1020,1004,E032,"2023-08-16 14:35:12",Feedback,"Re: Retreat Feedback Survey","Hi Sophia,  Just submitted my feedback. I particularly enjoyed the cross-departmental problem-solving workshop and the talent show was a highlight!  One suggestion: it would be great to have more structured networking opportunities next time. Perhaps a ""speed networking"" session?  Thanks for all your hard work organizing everything.  Evelyn",sent
E034,1017,1004,E032,"2023-08-16 15:10:27",Feedback,"Re: Retreat Feedback Survey","Bonjour Sophia,  The retreat was well-organized overall. However, I found the sales presentation to be unnecessarily confrontational toward the marketing team. This created some tension that persisted through the team activities.  In the future, perhaps presentations could be reviewed not just for content but for tone as well?  Cordialement, Benjamin",sent
E035,1004,1017,E034,"2023-08-16 16:25:33",Feedback,"Re: Retreat Feedback Survey","Hi Benjamin,  Thank you for this feedback. I noticed that tension as well and will bring it up in our executive debrief. We'll work on ensuring that all communications maintain a collaborative tone in the future.  I appreciate your candor.  Best regards, Sophia",sent
E036,1003,all,null,"2023-08-18 10:45:22",Follow-up,"Retreat Action Items","Team,  Thank you all for your engagement during our retreat. Based on our discussions, here are the key action items for each department:  Sales: Finalize Q4 targets by August 30 Marketing: Develop campaign calendar for new product lines Engineering: Schedule technical demos of prototypes HR: Launch the mentorship program we discussed Operations: Implement the process improvements from our workshop Please add these to your department's task board and provide weekly progress updates.  Michael Williams Head of Operations",sent
E037,1014,1003,E036,"2023-08-18 11:25:15",Follow-up,"Re: Retreat Action Items","Michael,  Research didn't receive any action items in your email. During the retreat, we agreed to kickstart the market testing for the new product features. Could you please add this to the official list?  Also, Alexander and I resolved our earlier disagreement about the workshop format - just wanted you to know it ended on a positive note.  Thanks, Charlotte",sent
E038,1003,"1014,all",E037,"2023-08-18 12:05:37",Follow-up,"Re: Retreat Action Items","Charlotte,  My apologies for the oversight. You're absolutely right.  Adding to the action items:  Research: Begin market testing for new product features by September 5 Thank you for the update regarding you and Alexander. I'm glad to hear that you found common ground.  Michael",sent